tag-id,animal-id,animal-taxon,deploy-on-date,deploy-off-date,animal-comments,animal-death-comments,animal-exact-date-of-birth,animal-latest-date-born,animal-life-stage,animal-mass,animal-sex,animal-taxon-detail,attachment-type,deploy-off-person,deploy-on-person,deployment-comments,deployment-end-comments,deployment-end-type,deployment-id,duty-cycle,manipulation-type,study-site,tag-comments,tag-manufacturer-name,tag-model,tag-processing-type,tag-production-date,tag-readout-method
765,Maria,Chelonoidis donfaustoi,2009-04-27 00:00:00.000,2011-09-01 00:00:00.000,domed:carapace length 90.3 cm,,,1980-01-01 00:00:00.000,adult,,f,,glue,,,,,,765-Maria,hourly from 6:00-19:00 local time,none,Isla Santa Cruz east (Cerro Fatal),,e-obs GmbH,custom GPS logger,,,other-wireless
767,Karla,Chelonoidis donfaustoi,2009-04-29 00:00:00.000,2011-10-22 00:00:00.000,domed:carapace length 89.5 cm,,,1980-01-01 00:00:00.000,adult,,f,,glue,,,2009-2016 data used for analysis in Bastille-Rousseau et al. (2019),,,767-Karla,hourly from 6:00-19:00 local time,none,Isla Santa Cruz east (Cerro Fatal),,e-obs GmbH,custom GPS logger,,,other-wireless
766,Helber,Chelonoidis donfaustoi,2009-04-29 00:00:00.000,2012-01-05 00:00:00.000,domed:carapace length 118.5 cm,,,1940-01-01 00:00:00.000,adult,,m,,glue,,,2009-2016 data used for analysis in Bastille-Rousseau et al. (2019),,,766-Helber,hourly from 6:00-19:00 local time,none,Isla Santa Cruz east (Cerro Fatal),,e-obs GmbH,custom GPS logger,,,other-wireless
769,Wilman,Chelonoidis donfaustoi,2009-04-30 00:00:00.000,2012-02-21 00:00:00.000,domed:carapace length 109.5 cm,,,1980-01-01 00:00:00.000,adult,,m,,glue,,,,,,769-Wilman,hourly from 6:00-19:00 local time,none,Isla Santa Cruz east (Cerro Fatal),,e-obs GmbH,custom GPS logger,,,other-wireless
771,Lolo,Chelonoidis porteri,2009-05-04 00:00:00.000,2011-01-13 00:00:00.000,domed:carapace length 151 cm,,,1900-01-01 00:00:00.000,adult,,m,,glue,,,,,,771-Lolo,hourly from 6:00-19:00 local time,none,Isla Santa Cruz west (La Reserva),,e-obs GmbH,custom GPS logger,,,other-wireless
770,Delmira,Chelonoidis porteri,2009-05-04 00:00:00.000,2010-09-08 00:00:00.000,domed: carapace length 100 cm,,,1920-01-01 00:00:00.000,adult,,f,,glue,,,,,,770-Delmira,hourly from 6:00-19:00 local time,none,Isla Santa Cruz west (La Reserva),,e-obs GmbH,custom GPS logger,,,other-wireless
774,Carolina,Chelonoidis porteri,2009-05-14 00:00:00.000,2011-10-30 00:00:00.000,domed:carapace length 105 cm,,,1930-01-01 00:00:00.000,adult,,f,,glue,,,2009-2016 data used for analysis in Bastille-Rousseau et al. (2019),,,774-Carolina,hourly from 6:00-19:00 local time,none,Isla Santa Cruz west (La Reserva),,e-obs GmbH,custom GPS logger,,,other-wireless
775,Sebastian,Chelonoidis porteri,2009-05-14 00:00:00.000,2011-07-20 00:00:00.000,domed:carapace length 142 cm,,,1900-01-01 00:00:00.000,adult,,m,,glue,,,,tag battery life over,,775-Sebastian Keynes,,none,Isla Santa Cruz west (La Reserva),,e-obs GmbH,custom GPS logger,,,other-wireless
1021,Patty,Chelonoidis porteri,2009-12-10 00:00:00.000,2012-01-20 00:00:00.000,domed:carapace length 93 cm,,,,adult,,f,,glue,,,2009-2016 data used for analysis in Bastille-Rousseau et al. (2019),animal never found again,other,1021-Patty,hourly from 6:00-19:00 local time,none,Isla Santa Cruz west (La Reserva),,e-obs GmbH,custom GPS logger,,,other-wireless
1022,Wacho,Chelonoidis porteri,2009-12-12 00:00:00.000,2012-03-13 00:00:00.000,domed:carapace length 150.2 cm,,,,adult,,m,,glue,,,2009-2016 data used for analysis in Bastille-Rousseau et al. (2019),never found again,other,1022-Wacho,hourly from 6:00-19:00 local time,none,Isla Santa Cruz west (La Reserva),,e-obs GmbH,custom GPS logger,,,other-wireless
1190,Nigrita,Chelonoidis donfaustoi,2010-02-24 00:00:00.000,2012-09-15 00:00:00.000,domed:carapace length 96.2 cm,,,,adult,,f,,glue,,,,tag battery failed,equipment-failure,1190-Nigrita,hourly from 6:00-19:00 local time,none,Isla Santa Cruz east (Cerro Fatal),,e-obs GmbH,custom GPS logger,,,other-wireless
1191,Jumbo,Chelonoidis donfaustoi,2010-03-24 00:00:00.000,2012-10-23 00:00:00.000,domed:carapace length 129.6 cm,,,,adult,,m,,glue,,,2009-2016 data used for analysis in Bastille-Rousseau et al. (2019),tag battery failed,equipment-failure,1191-Jumbo,hourly from 6:00-19:00 local time,none,Isla Santa Cruz east (Cerro Fatal),,e-obs GmbH,custom GPS logger,,,other-wireless
1273,Sandra,Chelonoidis donfaustoi,2010-05-28 00:00:00.000,2013-12-01 00:00:00.000,domed:carapace length 113.8 cm,,,,adult,,f,,glue,,,2009-2016 data used for analysis in Bastille-Rousseau et al. (2019),estimated last date,equipment-failure,1273-Sandra,hourly from 6:00-19:00 local time,none,Isla Santa Cruz east (Cerro Fatal),,e-obs GmbH,custom GPS logger,,,other-wireless
1274,Fredy,Chelonoidis donfaustoi,2010-06-08 00:00:00.000,2013-12-01 00:00:00.000,domed:carapace length 126.8 cm,,,,adult,,m,,glue,,,2009-2016 data used for analysis in Bastille-Rousseau et al. (2019),estimated last day of battery,equipment-failure,1274-Fredy,hourly from 6:00-19:00 local time,none,Isla Santa Cruz east (Cerro Fatal),,e-obs GmbH,custom GPS logger,,,other-wireless
1396,Sepp,Chelonoidis porteri,2010-09-14 00:00:00.000,2015-01-30 00:00:00.000,domed:carapace length 139.2 cm,,,,adult,,m,,glue,,,2009-2016 data used for analysis in Bastille-Rousseau et al. (2019),tag fell off,fall-off,1396-Sepp,hourly from 6:00-19:00 local time,none,Isla Santa Cruz west (La Reserva),,e-obs GmbH,custom GPS logger,,,other-wireless
1399,Lore,Chelonoidis porteri,2010-09-14 00:00:00.000,,domed:carapace length 105 cm,,,,adult,,f,,glue,,,,,,1399-Lore,hourly from 6:00-19:00 local time,none,Isla Santa Cruz west (La Reserva),,e-obs GmbH,custom GPS logger,,,other-wireless
1400,Mandy,Chelonoidis porteri,2010-09-14 21:00:00.000,2013-12-14 20:00:00.000,domed:carapace length 105 cm,,,,adult,,f,,glue,,,2009-2016 data used for analysis in Bastille-Rousseau et al. (2019),,,1400-Mandy,hourly from 6:00-19:00 local time,none,Isla Santa Cruz west (La Reserva),,e-obs GmbH,custom GPS logger,,,other-wireless
1397,Karlitos,Chelonoidis porteri,2010-09-15 00:00:00.000,,domed:carapace length 149.4 cm,,,,adult,,m,,glue,,,2009-2016 data used for analysis in Bastille-Rousseau et al. (2019),,,1397-Karlitos,hourly from 6:00-19:00 local time,none,Isla Santa Cruz west (La Reserva),,e-obs GmbH,custom GPS logger,,,other-wireless
1402,Alison,Chelonoidis donfaustoi,2010-09-17 00:00:00.000,2019-08-15 00:00:00.000,domed:carapace length 103 cm,,,,adult,,f,,glue,Freddy Cabrera,,2009-2016 data used for analysis in Bastille-Rousseau et al. (2019),,,1402-Alison,hourly from 6:00-19:00 local time,none,Isla Santa Cruz east (Cerro Fatal),,e-obs GmbH,custom GPS logger,,,other-wireless
1408,Kitty,Chelonoidis donfaustoi,2010-09-17 00:00:00.000,2019-12-05 00:00:00.000,domed:carapace length 92.1 cm,,,,adult,,f,,glue,Freddy,,,,,1408-Kitty,hourly from 6:00-19:00 local time,none,Isla Santa Cruz east (Cerro Fatal),,e-obs GmbH,custom GPS logger,,,other-wireless
1410,Marilyn,Chelonoidis donfaustoi,2010-09-17 00:00:00.000,2019-12-05 00:00:00.000,domed:carapace length 91.6 cm,,,,adult,,f,,glue,Freddy,,2009-2016 data used for analysis in Bastille-Rousseau et al. (2019),,,1410-Marilyn,hourly from 6:00-19:00 local time,none,Isla Santa Cruz east (Cerro Fatal),,e-obs GmbH,custom GPS logger,,,other-wireless
1405,Herbert,Chelonoidis donfaustoi,2010-09-18 00:00:00.000,2019-12-06 00:00:00.000,domed:carapace length 122.8 cm,,,,adult,,m,,glue,Freddy,,2009-2016 data used for analysis in Bastille-Rousseau et al. (2019),,,1405-Herbert,hourly from 6:00-19:00 local time,none,Isla Santa Cruz east (Cerro Fatal),,e-obs GmbH,custom GPS logger,,,other-wireless
1403,Steve Devine,Chelonoidis porteri,2010-09-20 00:00:00.000,,domed:carapace length 145 cm,,,,adult,,m,,glue,,,2009-2016 data used for analysis in Bastille-Rousseau et al. (2019),,,1403-Steve Devine,hourly from 6:00-19:00 local time,none,Isla Santa Cruz west (La Reserva),,e-obs GmbH,custom GPS logger,,,other-wireless
1401,Connor,Chelonoidis donfaustoi,2010-09-21 00:00:00.000,2016-05-03 00:00:00.000,domed:carapace length 134.5 cm,,,,adult,,m,,glue,,Steve Blake,crittercam fitted on first day of tagging; 2009-2016 data used for analysis in Bastille-Rousseau et al. (2019),,,1401-Connor,hourly from 6:00-19:00 local time,none,Isla Santa Cruz east (Cerro Fatal),,e-obs GmbH,custom GPS logger,,,other-wireless
1381,Birgit,Chelonoidis,2010-09-23 00:00:00.000,2016-01-28 00:00:00.000,domed:carapace length 102 cm,,,,adult,,f,vandenburghi,glue,,,2009-2016 data used for analysis in Bastille-Rousseau et al. (2019),"tag fell off, never recovered, found by looking at ACC data",,1381-Birgit,hourly from 6:00-19:00 local time,none,Isla Isabela (Alcedo),,e-obs GmbH,custom GPS logger,,,other-wireless
1384,Spikey,Chelonoidis,2010-09-23 00:00:00.000,,domed:carapace length 95.5 cm,,,,adult,,f,vandenburghi,glue,,,2009-2016 data used for analysis in Bastille-Rousseau et al. (2019),,,1384-Spikey,hourly from 6:00-19:00 local time,none,Isla Isabela (Alcedo),,e-obs GmbH,custom GPS logger,,,other-wireless
1379,Isabela,Chelonoidis,2010-09-23 00:00:00.000,2019-10-17 00:00:00.000,domed:carapace length 98.3 cm,,,,adult,,f,vandenburghi,glue,Freddy Cabrera,,2009-2016 data used for analysis in Bastille-Rousseau et al. (2019),,,1379-Isabela,hourly from 6:00-19:00 local time,none,Isla Isabela (Alcedo),,e-obs GmbH,custom GPS logger,,,other-wireless
1392,Sparkey,Chelonoidis,2010-09-23 00:00:00.000,,domed:carapace length 139.5 cm,,,,adult,,m,vandenburghi,glue,,,2009-2016 data used for analysis in Bastille-Rousseau et al. (2019),,,1392-Sparkey,hourly from 6:00-19:00 local time,none,Isla Isabela (Alcedo),,e-obs GmbH,custom GPS logger,,,other-wireless
1393,Franz,Chelonoidis,2010-09-23 00:00:00.000,,domed:carapace length 134 cm,,,,adult,,m,vandenburghi,glue,,,2009-2016 data used for analysis in Bastille-Rousseau et al. (2019),,,1393-Franz,hourly from 6:00-19:00 local time,none,Isla Isabela (Alcedo),,e-obs GmbH,custom GPS logger,,,other-wireless
1394,Franz' girlie,Chelonoidis,2010-09-23 00:00:00.000,,domed:carapace length 96.5 cm,,,,adult,,f,vandenburghi,glue,,,2009-2016 data used for analysis in Bastille-Rousseau et al. (2019),,,1394-Franz' girlie,hourly from 6:00-19:00 local time,none,Isla Isabela (Alcedo),,e-obs GmbH,custom GPS logger,,,other-wireless
1391,Martin,Chelonoidis,2010-09-23 00:00:00.000,,domed:carapace length 138.3 cm,,,,adult,,m,vandenburghi,glue,,,2009-2016 data used for analysis in Bastille-Rousseau et al. (2019),,,1391-Martin,hourly from 6:00-19:00 local time,none,Isla Isabela (Alcedo),,e-obs GmbH,custom GPS logger,,,other-wireless
1380,Anne,Chelonoidis,2010-09-23 00:00:00.000,,domed:carapace length 98 cm,,,,adult,,f,vandenburghi,glue,,,2009-2016 data used for analysis in Bastille-Rousseau et al. (2019),,,1380-Anne,hourly from 6:00-19:00 local time,none,Isla Isabela (Alcedo),,e-obs GmbH,custom GPS logger,,,other-wireless
1386,Greg,Chelonoidis,2010-09-23 00:00:00.000,,domed:carapace length 131 cm,,,,adult,,m,vandenburghi,glue,,,,,,1386-Greg,hourly from 6:00-19:00 local time,none,Isla Isabela (Alcedo),,e-obs GmbH,custom GPS logger,,,other-wireless
1388,Christian,Chelonoidis,2010-09-24 00:00:00.000,2019-10-07 00:00:00.000,domed:carapace length 148 cm,,,,adult,,m,vandenburghi,glue,Freddy Cabrera,,Wonderful deployment on the rim of the Alcedo crater; 2009-2016 data used for analysis in Bastille-Rousseau et al. (2019),,,1388-Christian,hourly from 6:00-19:00 local time,none,Isla Isabela (Alcedo),,e-obs GmbH,custom GPS logger,,,other-wireless
1395,Jeneene,Chelonoidis,2010-09-24 00:00:00.000,2019-10-04 00:00:00.000,domed:carapace length 102.3 cm,,,,adult,,f,vandenburghi,glue,Freddy Cabrera,,2009-2016 data used for analysis in Bastille-Rousseau et al. (2019),,,1395-Jeneene,hourly from 6:00-19:00 local time,none,Isla Isabela (Alcedo),,e-obs GmbH,custom GPS logger,,,other-wireless
1407,Wolfgang,Chelonoidis hoodensis,2010-09-28 00:00:00.000,2012-05-03 00:00:00.000,saddleback:carapace length 85.5 cm,,,,adult,,m,,glue,,,,,,1407-Wolfgang,hourly from 6:00-19:00 local time,none,Isla Espanola,,e-obs GmbH,custom GPS logger,,,other-wireless
1382,Emma Espanola,Chelonoidis hoodensis,2010-09-28 00:00:00.000,2015-06-05 00:00:00.000,saddleback:carapace length 66.8 cm,,,,sub-adult,,f,,glue,,,,tag fell off,fall-off,1382-Emma,,none,Isla Espanola,,e-obs GmbH,custom GPS logger,,,other-wireless
1385,Charles,Chelonoidis hoodensis,2010-09-28 00:00:00.000,2012-06-04 00:00:00.000,saddleback:carapace length 95.3 cm,,,,adult,,m,,glue,,,,,,1385-Charles,hourly from 6:00-19:00 local time,none,Isla Espanola,,e-obs GmbH,custom GPS logger,,,other-wireless
1404,Nathalie,Chelonoidis hoodensis,2010-09-28 00:00:00.000,,saddleback:carapace length 73.8 cm,,,,adult,,m,,glue,,,,,,1404-Nathalie,hourly from 6:00-19:00 local time,none,Isla Espanola,,e-obs GmbH,custom GPS logger,,,other-wireless
1383,Skandar's Girlfriend,Chelonoidis hoodensis,2010-09-29 00:00:00.000,2014-08-15 12:00:00.000,saddleback:carapace length 65.8 cm,,,,adult,,f,,glue,,,,tag lost,,1383-Skandar's Girlfriend,hourly from 6:00-19:00 local time,none,Isla Espanola,,e-obs GmbH,custom GPS logger,,,other-wireless
1390,Zelfa,Chelonoidis hoodensis,2010-09-29 00:00:00.000,,saddleback:carapace length 70 cm,,,,adult,,f,,glue,,,,,,1390-Zelfa,hourly from 6:00-19:00 local time,none,Isla Espanola,,e-obs GmbH,custom GPS logger,,,other-wireless
1378,Skandar,Chelonoidis hoodensis,2010-09-29 00:00:00.000,2013-02-19 00:00:00.000,saddleback:carapace length 93.6 cm,,,,adult,,m,,glue,,,,tag was pulled off,fall-off,1378-Skandar,hourly from 6:00-19:00 local time,none,Isla Espanola,,e-obs GmbH,custom GPS logger,,,other-wireless
1389,Randal,Chelonoidis hoodensis,2010-09-29 00:00:00.000,,saddleback:carapace length 88 cm,,,,adult,,m,,glue,,,,,,1389-Randal,hourly from 6:00-19:00 local time,none,Isla Espanola,,e-obs GmbH,custom GPS logger,,,other-wireless
1387,James,Chelonoidis hoodensis,2010-09-29 23:00:00.000,2012-05-09 00:00:00.000,saddleback:carapace length 89 cm,,,,adult,,m,,glue,,,,,,1387-James,hourly from 6:00-19:00 local time,none,Isla Espanola,,e-obs GmbH,custom GPS logger,,,other-wireless
1398,Espanola,Chelonoidis hoodensis,2010-09-30 00:00:00.000,2012-04-18 00:00:00.000,saddleback:carapace length 65.5 cm,,,,adult,,f,,glue,,,critterccammed but didnt work,,,1398-Espanola,hourly from 6:00-19:00 local time,none,Isla Espanola,,e-obs GmbH,custom GPS logger,,,other-wireless
1406,Miriam,Chelonoidis hoodensis,2010-09-30 00:00:00.000,2013-02-22 00:00:00.000,saddleback:carapace length 87.3 cm,,,,adult,,f,,glue,,,,tag dropped off and was recuperated,fall-off,1406-Miriam,hourly from 6:00-19:00 local time,none,Isla Espanola,,e-obs GmbH,custom GPS logger,,,other-wireless
1735,Sebastian,Chelonoidis porteri,2011-07-22 00:00:00.000,2015-01-08 00:00:00.000,domed:carapace length 142 cm,,,1900-01-01 00:00:00.000,adult,,m,,glue,,,,,,1735-Sebastian,hourly from 6:00-19:00 local time,none,Isla Santa Cruz west (La Reserva),,e-obs GmbH,custom GPS logger,,,other-wireless
2190,Sir David,Chelonoidis porteri,2012-06-04 00:00:00.000,2015-12-01 00:00:00.000,domed:carapace length 145 cm,,,,adult,,m,,glue,,,,tagged during the making of 3D Galapagos; tag fell off,fall-off,2190-Sir David,hourly from 6:00-19:00 local time,none,Isla Santa Cruz west (La Reserva),,e-obs GmbH,custom GPS logger,,,other-wireless
1387,Walter,Chelonoidis hoodensis,2013-02-22 20:00:00.000,2020-06-15 00:00:00.000,saddleback:carapace length NA,,,,adult,,m,,glue,,Freddy Cabrera,,,,1387-Walter,hourly from 6:00-19:00 local time,none,Isla Espanola,,e-obs GmbH,custom GPS logger,,,other-wireless
1385,Chrissie,Chelonoidis porteri,2013-07-07 00:00:00.000,,domed:carapace length 95.5 cm,,,,adult,,f,,glue,,,2009-2016 data used for analysis in Bastille-Rousseau et al. (2019),,,1385-Chrissie,hourly from 6:00-19:00 local time,none,Isla Santa Cruz west (La Reserva),,e-obs GmbH,custom GPS logger,,,other-wireless
1406,Lucy,Chelonoidis porteri,2013-07-09 00:00:00.000,,domed:carapace length 97.5 cm,,,,adult,,f,,glue,,,2009-2016 data used for analysis in Bastille-Rousseau et al. (2019),,,1406-Lucy,hourly from 6:00-19:00 local time,none,Isla Santa Cruz west (La Reserva),,e-obs GmbH,custom GPS logger,,,other-wireless
1378,Yvonne,Chelonoidis porteri,2013-07-09 18:00:00.000,,domed:carapace length 89 cm,,,,adult,,f,,glue,,,2009-2016 data used for analysis in Bastille-Rousseau et al. (2019),,,1378-Yvonne,hourly from 6:00-19:00 local time,none,Isla Santa Cruz west (La Reserva),,e-obs GmbH,custom GPS logger,,,other-wireless
1407,Veronica,Chelonoidis porteri,2013-07-09 20:00:00.000,2016-02-10 00:00:00.000,domed:carapace length 98 cm,,,,adult,,f,,glue,,,2009-2016 data used for analysis in Bastille-Rousseau et al. (2019),,,1407-Veronica,hourly from 6:00-19:00 local time,none,Isla Santa Cruz west (La Reserva),,e-obs GmbH,custom GPS logger,,,other-wireless
3159,Sharon,Chelonoidis porteri,2013-07-11 00:00:00.000,,domed: carapace length 90.5 cm,,,,adult,,f,,glue,,,,,,3159-Sharon,hourly from 6:00-19:00 local time,none,Isla Santa Cruz west (La Reserva),,e-obs GmbH,custom GPS logger,,,other-wireless
1398,Lola,Chelonoidis porteri,2013-07-11 20:00:00.000,2013-11-26 18:00:00.000,domed: carapace length 105 cm,,,,adult,,f,,glue,,,,"weak battery, reason unknown",equipment-failure,1398-Lola,hourly from 6:00-19:00 local time,none,Isla Santa Cruz west (La Reserva),,e-obs GmbH,custom GPS logger,,,other-wireless
3147,Pilar,Chelonoidis porteri,2013-07-15 00:00:00.000,,domed: carapace length 62.5 cm,,,,sub-adult,, ,,glue,,,,,,3147-Pilar,hourly from 6:00-19:00 local time,none,Isla Santa Cruz west (La Reserva),,e-obs GmbH,custom GPS logger,,,other-wireless
3136,Jamie,Chelonoidis porteri,2013-07-17 00:00:00.000,,domed: carapace length 57 cm,,,,juvenile,, ,,glue,,,,,,3136-Jamie,hourly from 6:00-19:00 local time,none,Isla Santa Cruz west (La Reserva),,e-obs GmbH,custom GPS logger,,,other-wireless
3141,Inoho,Chelonoidis porteri,2013-07-17 00:00:00.000,,domed: carapace length 70 cm,,,,adult,,f,,glue,,,,,,3141-Inoho,hourly from 6:00-19:00 local time,none,Isla Santa Cruz west (La Reserva),,e-obs GmbH,custom GPS logger,,,other-wireless
3163,Gnasher,Chelonoidis porteri,2013-07-17 15:00:00.000,2019-10-25 00:00:00.000,domed: carapace length 45 cm,,,,juvenile,, ,,glue,Freddy,,,,,3163-Gnasher,hourly from 6:00-19:00 local time,none,Isla Santa Cruz west (La Reserva),,e-obs GmbH,custom GPS logger,,,other-wireless
3143,Graciella,Chelonoidis porteri,2013-07-19 00:00:00.000,,domed: carapace length 83.5 cm,,,,adult,,f,,glue,,,,,,3143-Graciella,hourly from 6:00-19:00 local time,none,Isla Santa Cruz west (La Reserva),,e-obs GmbH,custom GPS logger,,,other-wireless
3153,Susan,Chelonoidis porteri,2013-07-25 00:00:00.000,,domed: carapace length 94.5 cm,,,,adult,,f,,glue,,,2009-2016 data used for analysis in Bastille-Rousseau et al. (2019),,,3153-Susan,hourly from 6:00-19:00 local time,none,Isla Santa Cruz west (La Reserva),,e-obs GmbH,custom GPS logger,,,other-wireless
3155,Tanya,Chelonoidis porteri,2013-07-25 00:00:00.000,,domed: carapace length 87 cm,,,,adult,,f,,glue,,,,,,3155-Tanya,hourly from 6:00-19:00 local time,none,Isla Santa Cruz west (La Reserva),,e-obs GmbH,custom GPS logger,,,other-wireless
3162,Kiana,Chelonoidis porteri,2013-07-25 20:00:00.000,2013-12-04 12:00:00.000,domed: carapace length 50 cm,,,,adult,, ,,glue,,,,,,3162-Kiana,hourly from 6:00-19:00 local time,none,Isla Santa Cruz west (La Reserva),,e-obs GmbH,custom GPS logger,,,other-wireless
3142,Toots,Chelonoidis porteri,2013-07-31 00:00:00.000,,domed: carapace length 90.5 cm,,,,adult,,f,,glue,,,,,,3142-Toots,hourly from 6:00-19:00 local time,none,Isla Santa Cruz west (La Reserva),,e-obs GmbH,custom GPS logger,,,other-wireless
3148,Sonia,Chelonoidis porteri,2013-07-31 00:00:00.000,2014-05-05 00:00:00.000,domed: carapace length 90 cm,,,,adult,,f,,glue,,,,tag fell off,fall-off,3148-Sonia,hourly from 6:00-19:00 local time,none,Isla Santa Cruz west (La Reserva),,e-obs GmbH,custom GPS logger,,,other-wireless
3150,Andrea,Chelonoidis porteri,2013-07-31 00:00:00.000,,domed: carapace length 99.5 cm,,,,adult,,f,,glue,,,2009-2016 data used for analysis in Bastille-Rousseau et al. (2019),,,3150-Andrea,hourly from 6:00-19:00 local time,none,Isla Santa Cruz west (La Reserva),,e-obs GmbH,custom GPS logger,,,other-wireless
3146,Cuthbert,Chelonoidis porteri,2013-08-13 00:00:00.000,,domed: carapace length 96 cm,,,,adult,,m,,glue,,,2009-2016 data used for analysis in Bastille-Rousseau et al. (2019),,,3146-Cuthbert,hourly from 6:00-19:00 local time,none,Isla Santa Cruz west (La Reserva),,e-obs GmbH,custom GPS logger,,,other-wireless
3149,Freddy V,Chelonoidis porteri,2013-08-13 00:00:00.000,2013-11-23 00:00:00.000,domed: carapace length 120.5. cm,,,,adult,,m,,glue,,,,tag fell off,fall-off,3149-Freddy V,hourly from 6:00-19:00 local time,none,Isla Santa Cruz west (La Reserva),,e-obs GmbH,custom GPS logger,,,other-wireless
3134,Smiffy,Chelonoidis porteri,2013-08-14 00:00:00.000,,domed: carapace length 52 cm,,,,adult,, ,,glue,,,,,,3134-Smiffy,hourly from 6:00-19:00 local time,none,Isla Santa Cruz west (La Reserva),,e-obs GmbH,custom GPS logger,,,other-wireless
3135,Plug,Chelonoidis porteri,2013-08-14 00:00:00.000,,domed: carapace length 63 cm,,,,adult,, ,,glue,,,,,,3135-Plug,hourly from 6:00-19:00 local time,none,Isla Santa Cruz west (La Reserva),,e-obs GmbH,custom GPS logger,,,other-wireless
3140,Spotty,Chelonoidis porteri,2013-08-14 00:00:00.000,,domed: carapace length 60 cm,,,,adult,, ,,glue,,,,,,3140-Spotty,hourly from 6:00-19:00 local time,none,Isla Santa Cruz west (La Reserva),,e-obs GmbH,custom GPS logger,,,other-wireless
3137,Danny,Chelonoidis porteri,2013-08-16 00:00:00.000,,domed: carapace length 59 cm,,,,adult,, ,,glue,,,,,,3137-Danny,hourly from 6:00-19:00 local time,none,Isla Santa Cruz west (La Reserva),,e-obs GmbH,custom GPS logger,,,other-wireless
3133,Erbert,Chelonoidis porteri,2013-08-16 00:00:00.000,2013-11-28 00:00:00.000,domed: carapace length 47 cm,,,,adult,, ,,glue,,,,tag was removed because it was coming loose,removal,3133-Erbert,hourly from 6:00-19:00 local time,none,Isla Santa Cruz west (La Reserva),,e-obs GmbH,custom GPS logger,,,other-wireless
3139,Sidney,Chelonoidis porteri,2013-08-16 00:00:00.000,,domed: carapace length 66 cm,,,,adult,, ,,glue,,,,,,3139-Sidney,hourly from 6:00-19:00 local time,none,Isla Santa Cruz west (La Reserva),,e-obs GmbH,custom GPS logger,,,other-wireless
3293,Jumbo_2,Chelonoidis donfaustoi,2013-11-26 19:00:00.000,,domed: carapace length 117 cm,,,,adult,,m,,glue,,,,,,3293-Jumbo_2,hourly from 6:00-19:00 local time,none,Isla Santa Cruz east (Cerro Fatal),,e-obs GmbH,custom GPS logger,,,other-wireless
3157,Mariposa,Chelonoidis porteri,2013-12-08 20:00:00.000,,domed: carapace length 101.2 cm,,,,adult,,f,,glue,,,2009-2016 data used for analysis in Bastille-Rousseau et al. (2019),,,3157-Mariposa,hourly from 6:00-19:00 local time,none,Isla Santa Cruz west (La Reserva),,e-obs GmbH,custom GPS logger,,,other-wireless
3292,Mandy,Chelonoidis porteri,2013-12-14 18:00:00.000,,domed:carapace length 105 cm,,,,adult,,f,,glue,,,deployed with mola mola club; 2009-2016 data used for analysis in Bastille-Rousseau et al. (2019),,,3292-Mandy,hourly from 6:00-19:00 local time,none,Isla Santa Cruz west (La Reserva),,e-obs GmbH,custom GPS logger,,,other-wireless
3151,Hamish,Chelonoidis hoodensis,2013-12-18 22:00:00.000,,saddleback: carapace length 83.1 cm,,,,adult,,m,,glue,,,,,,3151-Hamish,hourly from 6:00-19:00 local time,none,Isla Espanola,,e-obs GmbH,custom GPS logger,,,other-wireless
3152,Thane,Chelonoidis hoodensis,2013-12-18 23:00:00.000,,saddleback: carapace length 69 cm,,,,adult,,f,,glue,,,,,,3152-Thane,hourly from 6:00-19:00 local time,none,Isla Espanola,,e-obs GmbH,custom GPS logger,,,other-wireless
3290,Bill,Chelonoidis hoodensis,2013-12-19 14:30:00.000,,saddleback: carapace length 95.7 cm,,,,adult,,m,,glue,,,,,,3290-Bill,hourly from 6:00-19:00 local time,none,Isla Espanola,,e-obs GmbH,custom GPS logger,,,other-wireless
3156,Kiki,Chelonoidis hoodensis,2013-12-19 16:00:00.000,,saddleback: carapace length 64.2 cm,,,,adult,,f,,glue,,,,,,3156-Kiki,hourly from 6:00-19:00 local time,none,Isla Espanola,,e-obs GmbH,custom GPS logger,,,other-wireless
3160,Chica,Chelonoidis hoodensis,2013-12-19 21:00:00.000,,saddleback: carapace length 66.1cm,,,,adult,,f,,glue,,,,,,3160-Chica,hourly from 6:00-19:00 local time,none,Isla Espanola,,e-obs GmbH,custom GPS logger,,,other-wireless
3291,Gaby,Chelonoidis hoodensis,2013-12-20 14:30:00.000,,saddleback: carapace length 66.5 cm,,,,adult,,f,,glue,,,,,,3291-Gaby,hourly from 6:00-19:00 local time,none,Isla Espanola,,e-obs GmbH,custom GPS logger,,,other-wireless
3162,Iggy,Chelonoidis porteri,2014-01-28 15:00:00.000,,domed: carapace length 53.8 cm,,,,juvenile,, ,,glue,,,,,,3162-Iggy,hourly from 6:00-19:00 local time,none,Isla Santa Cruz west (La Reserva),,e-obs GmbH,custom GPS logger,,,other-wireless
3133,Jake,Chelonoidis porteri,2014-01-28 15:30:00.000,,domed: carapace length 39.9 cm,,,,juvenile,, ,,glue,,,,,,3133-Jake,hourly from 6:00-19:00 local time,none,Isla Santa Cruz west (La Reserva),,e-obs GmbH,custom GPS logger,,,other-wireless
3144,Nigel,Chelonoidis porteri,2014-01-28 18:00:00.000,,domed: carapace length 93.7 cm,,,,adult,,m,,glue,,,,,,3144-Nigel,hourly from 6:00-19:00 local time,none,Isla Santa Cruz west (La Reserva),,e-obs GmbH,custom GPS logger,,,other-wireless
3294,Nigrita,Chelonoidis donfaustoi,2014-04-03 15:30:00.000,,domed:carapace length 96.2 cm,,,,adult,,f,,glue,,,,,,3294-Nigrita,hourly from 6:00-19:00 local time,none,Isla Santa Cruz east (Cerro Fatal),,e-obs GmbH,custom GPS logger,,,other-wireless
3285,Samy,Chelonoidis donfaustoi,2014-07-22 00:00:00.000,2019-12-05 00:00:00.000,domed:carapace length 103.6 cm,,,,adult,,f,,glue,,,,,,3285-Samy,hourly from 6:00-19:00 local time,none,Isla Santa Cruz east (Cerro Fatal),,e-obs GmbH,custom GPS logger,,,other-wireless
3148,Mary,Chelonoidis porteri,2014-10-16 00:00:00.000,,domed:carapace length 90.0 cm,,,,adult,,f,,glue,,Fredy Cabrera,,,,3148-Mary,hourly from 6:00-19:00 local time,none,Isla Santa Cruz west (La Reserva),,e-obs GmbH,custom GPS logger,,,other-wireless
3286,Melina,Chelonoidis donfaustoi,2015-02-25 00:00:00.000,,domed:carapace length 101 cm,,,,adult,,f,,glue,,,,,,3286-Melina,,none,Isla Santa Cruz east (Cerro Fatal),,e-obs GmbH,custom GPS logger,,,other-wireless
3288,Sandra,Chelonoidis donfaustoi,2015-08-04 00:00:00.000,2019-08-15 00:00:00.000,domed:carapace length 113.8 cm,,,,adult,,f,,glue,Freddy Cabrera,Blake and Cabrera,2009-2016 data used for analysis in Bastille-Rousseau et al. (2019),,,3288-Sandra,,none,Isla Santa Cruz east (Cerro Fatal),,e-obs GmbH,custom GPS logger,,,other-wireless
3289,Narcissa,Chelonoidis donfaustoi,2015-08-04 00:00:00.000,2019-12-05 00:00:00.000,domed:carapace length 95.5 cm,,,,adult,,f,,glue,,Fredy Cabrera,,,,3289-Narcissa,,none,Isla Santa Cruz east (Cerro Fatal),,e-obs GmbH,custom GPS logger,,,other-wireless
3284,Roby,Chelonoidis hoodensis,2016-06-17 00:00:00.000,,domed:carapace length 88.2 cm,,,,adult,,m,,glue,,Fredy Cabrera,,,,3284-Roby,,none,Isla Espanola,,e-obs GmbH,custom GPS logger,,,other-wireless
3287,Bonnie,Chelonoidis hoodensis,2016-06-17 00:00:00.000,,domed:carapace length 69.8 cm,,,,adult,,f,,glue,,Fredy Cabrera,,,,3287-Bonnie,,none,Isla Espanola,,e-obs GmbH,custom GPS logger,,,other-wireless
1382,Bertha,Chelonoidis hoodensis,2016-06-17 00:00:00.000,,domed:carapace length 70.1 cm,,,,sub-adult,,f,,glue,,,,,,1382-Bertha,,none,Isla Espanola,,e-obs GmbH,custom GPS logger,,,other-wireless
3283,Harry,Chelonoidis donfaustoi,2016-08-05 20:00:00.000,2019-12-06 00:00:00.000,saddleback: carapace length 126.6 cm,,,,adult,,m,,glue,,Fredy Cabrera,,,,3283-Harry,,none,Isla Santa Cruz east (Cerro Fatal),,e-obs GmbH,custom GPS logger,,,other-wireless
1407,George,Chelonoidis porteri,2016-08-06 00:00:00.000,,saddleback: carapace length 155.5 cm,,,,adult,,m,,glue,,Fredy Cabrera,,,,1407-George,,none,Isla Santa Cruz west (La Reserva),,e-obs GmbH,custom GPS logger,,,other-wireless
1396,Johnny,Chelonoidis porteri,2016-08-15 00:00:00.000,,domed:carapace length 158.5 cm,,,,adult,,m,,glue,,Fredy Cabrera,,,,1396-Johnny,,none,Isla Santa Cruz west (La Reserva),,e-obs GmbH,custom GPS logger,,,other-wireless
1401,Dennis,Chelonoidis donfaustoi,2016-08-16 00:00:00.000,2019-08-15 00:00:00.000,domed: carapace length 132 cm,,,,adult,,m,,glue,,Freddy Cabrera,,,,1401-Dennis,,none,Isla Santa Cruz east (Cerro Fatal),,e-obs GmbH,custom GPS logger,,,other-wireless
5274,Samuel,Chelonoidis porteri,2016-10-11 00:00:00.000,2017-01-22 00:00:00.000,domed:carapace length 17.3 cm,,2013-02-13 00:00:00.000,,hatchling,,f,,glue,,Fredy Cabrera,,,,5274-Samuel,,none,Isla Santa Cruz west (La Reserva),,e-obs GmbH,custom GPS logger,,,other-wireless
5275,Valencia,Chelonoidis porteri,2016-10-26 00:00:00.000,,domed: carapace length 15.1 cm,,2014-03-25 00:00:00.000,,hatchling,,f,,glue,,Fredy y Jose,,,,5275-Valencia,,none,Isla Santa Cruz west (La Reserva),,e-obs GmbH,custom GPS logger,,,other-wireless
5265,Andres,Chelonoidis donfaustoi,2016-12-09 00:00:00.000,,domed: carapace length 17.4 cm,,,,infant,, ,,glue,,Fredy Cabrera,,,,5265-Andres,,none,Isla Santa Cruz east (Cerro Fatal),,e-obs GmbH,custom GPS logger,,,other-wireless
5264,Samuel,Chelonoidis porteri,2018-01-10 00:00:00.000,,domed:carapace length 17.3 cm,,2013-02-13 00:00:00.000,,hatchling,,f,,glue,,Fredy y Jose,,,,5264-Samuel,,none,Isla Santa Cruz west (La Reserva),,e-obs GmbH,custom GPS logger,,,other-wireless
6800,Destiny,Chelonoidis porteri,2019-01-29 00:00:00.000,,,,,,Adult,99.0,f,,,,freddy,,,,,,,,deployed by freddy and ainoa,eobs,,,,
6799,Butternut,Chelonoidis porteri,2019-01-29 00:00:00.000,,,,,,,,m,,,,freddy,,,,,,,,,,,,,
6801,Baronesa,Chelonoidis porteri,2019-02-22 08:18:00.000,,,,,,,,f,,,,,,,,,,,,,,,,,
7279,Randy,Chelonoidis porteri,2019-07-13 17:30:00.000,2019-08-01 00:00:00.000,Used in thermoregulation study july aug 2019. swallowed an ibutton temperature sensor),,,,,,m,Western Santa Cruz Tortoise,glue,Freddy Cabrera,Freddy Cabrera,,,,,,,,,,,,,
7262,Jack,Chelonoidis porteri,2019-07-13 18:30:00.000,2019-09-29 00:00:00.000,used in thermoregulation study. swallowed an ibutton,,,,,,m,Western Santa Cruz tortoise,,Freddy Cabrera,Freddy Cabrera,,,,,,,,,,,,,
6792,Emma Espanola,Chelonoidis hoodensis,2019-07-27 00:00:00.000,,saddleback:carapace length 66.8 cm,,,,,,f,,,,Freddy Cabrera,,,,,,,,,,,,,
6793,Zelfa,Chelonoidis hoodensis,2019-07-30 00:00:00.000,,saddleback:carapace length 70 cm,,,,,,f,,,,Freddy cabrera,,,,,,,,,,,,,
6794,Thane,Chelonoidis hoodensis,2019-07-30 00:00:00.000,,saddleback: carapace length 69 cm,,,,,,f,,,,Freddy Cabrera,,,,,,,,,,,,,
6790,Ainoa,Chelonoidis hoodensis,2019-07-31 00:00:00.000,,,,,,,,f,,,,Freddy Cabrera,,,,,,,,,,,,,
6791,Fernando,Chelonoidis hoodensis,2019-07-31 00:00:00.000,,,,,,,,m,,,,Freddy Cabrera,,,,,,,,,,,,,
6795,Virginia,Chelonoidis hoodensis,2019-07-31 00:00:00.000,,,,,,,,f,,,,Freddy Cabrera,,,,,,,,,,,,,
6796,James,Chelonoidis hoodensis,2019-08-01 00:00:00.000,,saddleback:carapace length 89 cm,,,,,,m,,,,Freddy Cabrera,,,,,,,,,,,,,
7258,Speedy Gonzales,Chelonoidis porteri,2019-08-07 21:00:00.000,2020-02-13 00:00:00.000,,,2019-08-07 00:00:00.000,2019-08-07 00:00:00.000,,,m,,,Freddy Cabrera,Freddy Cabrera,,,,Speedy Gonzalez,,,,,,,,,
7260,Roberto,Chelonoidis porteri,2019-08-08 00:00:00.000,,,,,,,,m,,,,Freddy Cabrera,,,,,,,,,,,,,
7261,Alison,Chelonoidis donfaustoi,2019-08-15 00:00:00.000,,domed:carapace length 103 cm,,,,,,f,,,,Freddy Cabrera,,,,,,,,,,,,,
7277,Sandra,Chelonoidis donfaustoi,2019-08-15 00:00:00.000,,domed:carapace length 113.8 cm,,,,,,f,,,,Freddy Cabrera,,,,,,,,,,,,,
1401,Francisco,Chelonoidis porteri,2019-09-26 00:00:00.000,,,,,,,,m,,,,Ainoa,,,,,,,,,e-obs GmbH,custom GPS logger,,,
7279,Greg,Chelonoidis,2019-10-04 00:00:00.000,,domed:carapace length 131 cm,,,,,,m,vandenburghi,,,Freddy Cabrera,,,,,,,,,,,,,
7262,Jeneene,Chelonoidis,2019-10-04 00:00:00.000,,domed:carapace length 102.3 cm,,,,,,f,vandenburghi,,,Freddy Cabrera,,,,,,,,,,,,,
7278,Sparkey,Chelonoidis,2019-10-05 00:00:00.000,,domed:carapace length 139.5 cm,,,,,,m,vandenburghi,,,Freddy Cabrera,,,,,,,,,,,,,
7284,Anne,Chelonoidis,2019-10-06 00:00:00.000,,domed:carapace length 98 cm,,,,,,f,vandenburghi,,,Freddy Cabrera,,,,,,,,,,,,,
6798,Christian,Chelonoidis,2019-10-07 00:00:00.000,,domed:carapace length 148 cm,,,,,,m,vandenburghi,,,Freddy Cabrera,,,,,,,,,,,,,
7283,Franz,Chelonoidis,2019-10-07 00:00:00.000,,domed:carapace length 134 cm,,,,,,m,vandenburghi,,,Freddy Cabrera,,,,,,,,,,,,,
7280,Martin,Chelonoidis,2019-10-08 00:00:00.000,,domed:carapace length 138.3 cm,,,,,,m,vandenburghi,,,Freddy Cabrera,,,,,,,,,,,,,
7402,Marilyn,Chelonoidis donfaustoi,2019-12-05 00:00:00.000,,domed:carapace length 91.6 cm,,,,,,f,,,,Kyana,,,,,,,,,,,,,
7403,Samy,Chelonoidis donfaustoi,2019-12-05 00:00:00.000,,domed:carapace length 103.6 cm,,,,,,f,,,,Freddy,,,,,,,,,,,,,
7405,Narcissa,Chelonoidis donfaustoi,2019-12-05 00:00:00.000,,domed:carapace length 95.5 cm,,,,,,f,,,,Freddy,,,,,,,,,,,,,
7401,Kitty,Chelonoidis donfaustoi,2019-12-05 00:00:00.000,,domed:carapace length 92.1 cm,,,,,,f,,,,Freddy,,,,,,,,,,,,,
7404,Harry,Chelonoidis donfaustoi,2019-12-06 00:00:00.000,,saddleback: carapace length 126.6 cm,,,,,,m,,,,Freddy,,,,,,,,,,,,,
7406,Herbert,Chelonoidis donfaustoi,2019-12-06 00:00:00.000,,domed:carapace length 122.8 cm,,,,,,m,,,,Freddy,,,,,,,,,,,,,
6797,Montemar,Chelonoidis porteri,2019-12-23 00:00:00.000,,Marcada como Laura. Cambio de nombre a Montemar. Posible macho,,,,,,,,,,Freddy,,,,,,,,,,,,,
7281,Gnasher,Chelonoidis porteri,2019-12-27 00:00:00.000,,domed: carapace length 45 cm,,,,,, ,,,,Freddy,,,,,,,,,,,,,
7258,Laura,Chelonoidis porteri,2020-02-14 00:00:00.000,,,,,,,,f,,,,Freddy Cabrera,,,,,,,,,,,,,
7408,Walter,Chelonoidis hoodensis,2020-06-15 00:00:00.000,,saddleback:carapace length NA,,,,,,m,,,,Freddy Cabrera,,,,,,,,,Eobs,,,2019,
7259,,,,,,,,,,,,,,,,,,,,,,,,,,,,
7282,,,,,,,,,,,,,,,,,,,,,,,,,,,,
7410,,,,,,,,,,,,,,,,,,,,,,,,,,,,
7412,,,,,,,,,,,,,,,,,,,,,,,,,,,,
,#1176125848,Chelonoidis hoodensis,,,,,,,,,f,,,,,,,,,,,,,,,,,
